Causa de muerte;Sexo;Edad;Periodo;Total
046-049  VTrastornos mentales y del comportamiento;Hombres;[00,01];2020;0
046-049  VTrastornos mentales y del comportamiento;Hombres;[01,04];2020;0
046-049  VTrastornos mentales y del comportamiento;Hombres;[05,09];2020;0
046-049  VTrastornos mentales y del comportamiento;Hombres;[10,14];2020;0
046-049  VTrastornos mentales y del comportamiento;Hombres;[15,19];2020;0
046-049  VTrastornos mentales y del comportamiento;Hombres;[20,24];2020;2
046-049  VTrastornos mentales y del comportamiento;Hombres;[25,29];2020;0
046-049  VTrastornos mentales y del comportamiento;Hombres;[30,34];2020;3
046-049  VTrastornos mentales y del comportamiento;Hombres;[35,39];2020;8
046-049  VTrastornos mentales y del comportamiento;Hombres;[40,44];2020;10
046-049  VTrastornos mentales y del comportamiento;Hombres;[45,49];2020;30
046-049  VTrastornos mentales y del comportamiento;Hombres;[50,54];2020;54
046-049  VTrastornos mentales y del comportamiento;Hombres;[55,59];2020;65
046-049  VTrastornos mentales y del comportamiento;Hombres;[60,64];2020;101
046-049  VTrastornos mentales y del comportamiento;Hombres;[65,69];2020;184
046-049  VTrastornos mentales y del comportamiento;Hombres;[70,74];2020;354
046-049  VTrastornos mentales y del comportamiento;Hombres;[75,79];2020;707
046-049  VTrastornos mentales y del comportamiento;Hombres;[80,84];2020;1190
046-049  VTrastornos mentales y del comportamiento;Hombres;[85,89];2020;2033
046-049  VTrastornos mentales y del comportamiento;Hombres;[90,94];2020;1732
046-049  VTrastornos mentales y del comportamiento;Hombres;[95,..];2020;677
046-049  VTrastornos mentales y del comportamiento;Mujeres;[00,01];2020;0
046-049  VTrastornos mentales y del comportamiento;Mujeres;[01,04];2020;0
046-049  VTrastornos mentales y del comportamiento;Mujeres;[05,09];2020;0
046-049  VTrastornos mentales y del comportamiento;Mujeres;[10,14];2020;0
046-049  VTrastornos mentales y del comportamiento;Mujeres;[15,19];2020;1
046-049  VTrastornos mentales y del comportamiento;Mujeres;[20,24];2020;2
046-049  VTrastornos mentales y del comportamiento;Mujeres;[25,29];2020;0
046-049  VTrastornos mentales y del comportamiento;Mujeres;[30,34];2020;1
046-049  VTrastornos mentales y del comportamiento;Mujeres;[35,39];2020;7
046-049  VTrastornos mentales y del comportamiento;Mujeres;[40,44];2020;6
046-049  VTrastornos mentales y del comportamiento;Mujeres;[45,49];2020;9
046-049  VTrastornos mentales y del comportamiento;Mujeres;[50,54];2020;18
046-049  VTrastornos mentales y del comportamiento;Mujeres;[55,59];2020;21
046-049  VTrastornos mentales y del comportamiento;Mujeres;[60,64];2020;42
046-049  VTrastornos mentales y del comportamiento;Mujeres;[65,69];2020;107
046-049  VTrastornos mentales y del comportamiento;Mujeres;[70,74];2020;292
046-049  VTrastornos mentales y del comportamiento;Mujeres;[75,79];2020;666
046-049  VTrastornos mentales y del comportamiento;Mujeres;[80,84];2020;1765
046-049  VTrastornos mentales y del comportamiento;Mujeres;[85,89];2020;3807
046-049  VTrastornos mentales y del comportamiento;Mujeres;[90,94];2020;4689
046-049  VTrastornos mentales y del comportamiento;Mujeres;[95,..];2020;3114
050-052  VI-VIIIEnfermedades del sistema nervioso y de los �rganos de los sentidos;Hombres;[00,01];2020;16
050-052  VI-VIIIEnfermedades del sistema nervioso y de los �rganos de los sentidos;Hombres;[01,04];2020;6
050-052  VI-VIIIEnfermedades del sistema nervioso y de los �rganos de los sentidos;Hombres;[05,09];2020;7
050-052  VI-VIIIEnfermedades del sistema nervioso y de los �rganos de los sentidos;Hombres;[10,14];2020;16
050-052  VI-VIIIEnfermedades del sistema nervioso y de los �rganos de los sentidos;Hombres;[15,19];2020;25
050-052  VI-VIIIEnfermedades del sistema nervioso y de los �rganos de los sentidos;Hombres;[20,24];2020;27
050-052  VI-VIIIEnfermedades del sistema nervioso y de los �rganos de los sentidos;Hombres;[25,29];2020;22
050-052  VI-VIIIEnfermedades del sistema nervioso y de los �rganos de los sentidos;Hombres;[30,34];2020;28
050-052  VI-VIIIEnfermedades del sistema nervioso y de los �rganos de los sentidos;Hombres;[35,39];2020;40
050-052  VI-VIIIEnfermedades del sistema nervioso y de los �rganos de los sentidos;Hombres;[40,44];2020;71
050-052  VI-VIIIEnfermedades del sistema nervioso y de los �rganos de los sentidos;Hombres;[45,49];2020;110
050-052  VI-VIIIEnfermedades del sistema nervioso y de los �rganos de los sentidos;Hombres;[50,54];2020;186
050-052  VI-VIIIEnfermedades del sistema nervioso y de los �rganos de los sentidos;Hombres;[55,59];2020;257
050-052  VI-VIIIEnfermedades del sistema nervioso y de los �rganos de los sentidos;Hombres;[60,64];2020;337
050-052  VI-VIIIEnfermedades del sistema nervioso y de los �rganos de los sentidos;Hombres;[65,69];2020;535
050-052  VI-VIIIEnfermedades del sistema nervioso y de los �rganos de los sentidos;Hombres;[70,74];2020;928
050-052  VI-VIIIEnfermedades del sistema nervioso y de los �rganos de los sentidos;Hombres;[75,79];2020;1559
050-052  VI-VIIIEnfermedades del sistema nervioso y de los �rganos de los sentidos;Hombres;[80,84];2020;2087
050-052  VI-VIIIEnfermedades del sistema nervioso y de los �rganos de los sentidos;Hombres;[85,89];2020;2619
050-052  VI-VIIIEnfermedades del sistema nervioso y de los �rganos de los sentidos;Hombres;[90,94];2020;1364
050-052  VI-VIIIEnfermedades del sistema nervioso y de los �rganos de los sentidos;Hombres;[95,..];2020;348
050-052  VI-VIIIEnfermedades del sistema nervioso y de los �rganos de los sentidos;Mujeres;[00,01];2020;7
050-052  VI-VIIIEnfermedades del sistema nervioso y de los �rganos de los sentidos;Mujeres;[01,04];2020;10
050-052  VI-VIIIEnfermedades del sistema nervioso y de los �rganos de los sentidos;Mujeres;[05,09];2020;12
050-052  VI-VIIIEnfermedades del sistema nervioso y de los �rganos de los sentidos;Mujeres;[10,14];2020;10
050-052  VI-VIIIEnfermedades del sistema nervioso y de los �rganos de los sentidos;Mujeres;[15,19];2020;13
050-052  VI-VIIIEnfermedades del sistema nervioso y de los �rganos de los sentidos;Mujeres;[20,24];2020;9
050-052  VI-VIIIEnfermedades del sistema nervioso y de los �rganos de los sentidos;Mujeres;[25,29];2020;15
050-052  VI-VIIIEnfermedades del sistema nervioso y de los �rganos de los sentidos;Mujeres;[30,34];2020;24
050-052  VI-VIIIEnfermedades del sistema nervioso y de los �rganos de los sentidos;Mujeres;[35,39];2020;25
050-052  VI-VIIIEnfermedades del sistema nervioso y de los �rganos de los sentidos;Mujeres;[40,44];2020;44
050-052  VI-VIIIEnfermedades del sistema nervioso y de los �rganos de los sentidos;Mujeres;[45,49];2020;65
050-052  VI-VIIIEnfermedades del sistema nervioso y de los �rganos de los sentidos;Mujeres;[50,54];2020;129
050-052  VI-VIIIEnfermedades del sistema nervioso y de los �rganos de los sentidos;Mujeres;[55,59];2020;182
050-052  VI-VIIIEnfermedades del sistema nervioso y de los �rganos de los sentidos;Mujeres;[60,64];2020;303
050-052  VI-VIIIEnfermedades del sistema nervioso y de los �rganos de los sentidos;Mujeres;[65,69];2020;452
050-052  VI-VIIIEnfermedades del sistema nervioso y de los �rganos de los sentidos;Mujeres;[70,74];2020;789
050-052  VI-VIIIEnfermedades del sistema nervioso y de los �rganos de los sentidos;Mujeres;[75,79];2020;1626
050-052  VI-VIIIEnfermedades del sistema nervioso y de los �rganos de los sentidos;Mujeres;[80,84];2020;2881
050-052  VI-VIIIEnfermedades del sistema nervioso y de los �rganos de los sentidos;Mujeres;[85,89];2020;4856
050-052  VI-VIIIEnfermedades del sistema nervioso y de los �rganos de los sentidos;Mujeres;[90,94];2020;3923
050-052  VI-VIIIEnfermedades del sistema nervioso y de los �rganos de los sentidos;Mujeres;[95,..];2020;1545
053-061 IXEnfermedades del sistema circulatorio;Hombres;[00,01];2020;7
053-061 IXEnfermedades del sistema circulatorio;Hombres;[01,04];2020;7
053-061 IXEnfermedades del sistema circulatorio;Hombres;[05,09];2020;3
053-061 IXEnfermedades del sistema circulatorio;Hombres;[10,14];2020;5
053-061 IXEnfermedades del sistema circulatorio;Hombres;[15,19];2020;16
053-061 IXEnfermedades del sistema circulatorio;Hombres;[20,24];2020;25
053-061 IXEnfermedades del sistema circulatorio;Hombres;[25,29];2020;43
053-061 IXEnfermedades del sistema circulatorio;Hombres;[30,34];2020;92
053-061 IXEnfermedades del sistema circulatorio;Hombres;[35,39];2020;214
053-061 IXEnfermedades del sistema circulatorio;Hombres;[40,44];2020;439
053-061 IXEnfermedades del sistema circulatorio;Hombres;[45,49];2020;873
053-061 IXEnfermedades del sistema circulatorio;Hombres;[50,54];2020;1577
053-061 IXEnfermedades del sistema circulatorio;Hombres;[55,59];2020;2278
053-061 IXEnfermedades del sistema circulatorio;Hombres;[60,64];2020;3047
053-061 IXEnfermedades del sistema circulatorio;Hombres;[65,69];2020;3642
053-061 IXEnfermedades del sistema circulatorio;Hombres;[70,74];2020;5029
053-061 IXEnfermedades del sistema circulatorio;Hombres;[75,79];2020;6523
053-061 IXEnfermedades del sistema circulatorio;Hombres;[80,84];2020;8675
053-061 IXEnfermedades del sistema circulatorio;Hombres;[85,89];2020;11768
053-061 IXEnfermedades del sistema circulatorio;Hombres;[90,94];2020;8504
053-061 IXEnfermedades del sistema circulatorio;Hombres;[95,..];2020;3179
053-061 IXEnfermedades del sistema circulatorio;Mujeres;[00,01];2020;11
053-061 IXEnfermedades del sistema circulatorio;Mujeres;[01,04];2020;1
053-061 IXEnfermedades del sistema circulatorio;Mujeres;[05,09];2020;3
053-061 IXEnfermedades del sistema circulatorio;Mujeres;[10,14];2020;3
053-061 IXEnfermedades del sistema circulatorio;Mujeres;[15,19];2020;12
053-061 IXEnfermedades del sistema circulatorio;Mujeres;[20,24];2020;8
053-061 IXEnfermedades del sistema circulatorio;Mujeres;[25,29];2020;27
053-061 IXEnfermedades del sistema circulatorio;Mujeres;[30,34];2020;32
053-061 IXEnfermedades del sistema circulatorio;Mujeres;[35,39];2020;84
053-061 IXEnfermedades del sistema circulatorio;Mujeres;[40,44];2020;153
053-061 IXEnfermedades del sistema circulatorio;Mujeres;[45,49];2020;278
053-061 IXEnfermedades del sistema circulatorio;Mujeres;[50,54];2020;419
053-061 IXEnfermedades del sistema circulatorio;Mujeres;[55,59];2020;656
053-061 IXEnfermedades del sistema circulatorio;Mujeres;[60,64];2020;1026
053-061 IXEnfermedades del sistema circulatorio;Mujeres;[65,69];2020;1372
053-061 IXEnfermedades del sistema circulatorio;Mujeres;[70,74];2020;2512
053-061 IXEnfermedades del sistema circulatorio;Mujeres;[75,79];2020;4444
053-061 IXEnfermedades del sistema circulatorio;Mujeres;[80,84];2020;8842
053-061 IXEnfermedades del sistema circulatorio;Mujeres;[85,89];2020;16623
053-061 IXEnfermedades del sistema circulatorio;Mujeres;[90,94];2020;17158
053-061 IXEnfermedades del sistema circulatorio;Mujeres;[95,..];2020;10243
062-067  XEnfermedades del sistema respiratorio;Hombres;[00,01];2020;1
062-067  XEnfermedades del sistema respiratorio;Hombres;[01,04];2020;8
062-067  XEnfermedades del sistema respiratorio;Hombres;[05,09];2020;1
062-067  XEnfermedades del sistema respiratorio;Hombres;[10,14];2020;4
062-067  XEnfermedades del sistema respiratorio;Hombres;[15,19];2020;10
062-067  XEnfermedades del sistema respiratorio;Hombres;[20,24];2020;23
062-067  XEnfermedades del sistema respiratorio;Hombres;[25,29];2020;15
062-067  XEnfermedades del sistema respiratorio;Hombres;[30,34];2020;36
062-067  XEnfermedades del sistema respiratorio;Hombres;[35,39];2020;48
062-067  XEnfermedades del sistema respiratorio;Hombres;[40,44];2020;109
062-067  XEnfermedades del sistema respiratorio;Hombres;[45,49];2020;185
062-067  XEnfermedades del sistema respiratorio;Hombres;[50,54];2020;285
062-067  XEnfermedades del sistema respiratorio;Hombres;[55,59];2020;480
062-067  XEnfermedades del sistema respiratorio;Hombres;[60,64];2020;811
062-067  XEnfermedades del sistema respiratorio;Hombres;[65,69];2020;1188
062-067  XEnfermedades del sistema respiratorio;Hombres;[70,74];2020;1881
062-067  XEnfermedades del sistema respiratorio;Hombres;[75,79];2020;2935
062-067  XEnfermedades del sistema respiratorio;Hombres;[80,84];2020;4181
062-067  XEnfermedades del sistema respiratorio;Hombres;[85,89];2020;5870
062-067  XEnfermedades del sistema respiratorio;Hombres;[90,94];2020;4151
062-067  XEnfermedades del sistema respiratorio;Hombres;[95,..];2020;1613
062-067  XEnfermedades del sistema respiratorio;Mujeres;[00,01];2020;2
062-067  XEnfermedades del sistema respiratorio;Mujeres;[01,04];2020;5
062-067  XEnfermedades del sistema respiratorio;Mujeres;[05,09];2020;2
062-067  XEnfermedades del sistema respiratorio;Mujeres;[10,14];2020;4
062-067  XEnfermedades del sistema respiratorio;Mujeres;[15,19];2020;4
062-067  XEnfermedades del sistema respiratorio;Mujeres;[20,24];2020;8
062-067  XEnfermedades del sistema respiratorio;Mujeres;[25,29];2020;7
062-067  XEnfermedades del sistema respiratorio;Mujeres;[30,34];2020;17
062-067  XEnfermedades del sistema respiratorio;Mujeres;[35,39];2020;31
062-067  XEnfermedades del sistema respiratorio;Mujeres;[40,44];2020;39
062-067  XEnfermedades del sistema respiratorio;Mujeres;[45,49];2020;79
062-067  XEnfermedades del sistema respiratorio;Mujeres;[50,54];2020;144
062-067  XEnfermedades del sistema respiratorio;Mujeres;[55,59];2020;227
062-067  XEnfermedades del sistema respiratorio;Mujeres;[60,64];2020;321
062-067  XEnfermedades del sistema respiratorio;Mujeres;[65,69];2020;531
062-067  XEnfermedades del sistema respiratorio;Mujeres;[70,74];2020;818
062-067  XEnfermedades del sistema respiratorio;Mujeres;[75,79];2020;1285
062-067  XEnfermedades del sistema respiratorio;Mujeres;[80,84];2020;2642
062-067  XEnfermedades del sistema respiratorio;Mujeres;[85,89];2020;4734
062-067  XEnfermedades del sistema respiratorio;Mujeres;[90,94];2020;4816
062-067  XEnfermedades del sistema respiratorio;Mujeres;[95,..];2020;2872
068-072  XIEnfermedades del sistema digestivo;Hombres;[00,01];2020;2
068-072  XIEnfermedades del sistema digestivo;Hombres;[01,04];2020;3
068-072  XIEnfermedades del sistema digestivo;Hombres;[05,09];2020;3
068-072  XIEnfermedades del sistema digestivo;Hombres;[10,14];2020;1
068-072  XIEnfermedades del sistema digestivo;Hombres;[15,19];2020;1
068-072  XIEnfermedades del sistema digestivo;Hombres;[20,24];2020;8
068-072  XIEnfermedades del sistema digestivo;Hombres;[25,29];2020;12
068-072  XIEnfermedades del sistema digestivo;Hombres;[30,34];2020;21
068-072  XIEnfermedades del sistema digestivo;Hombres;[35,39];2020;49
068-072  XIEnfermedades del sistema digestivo;Hombres;[40,44];2020;126
068-072  XIEnfermedades del sistema digestivo;Hombres;[45,49];2020;256
068-072  XIEnfermedades del sistema digestivo;Hombres;[50,54];2020;550
068-072  XIEnfermedades del sistema digestivo;Hombres;[55,59];2020;789
068-072  XIEnfermedades del sistema digestivo;Hombres;[60,64];2020;882
068-072  XIEnfermedades del sistema digestivo;Hombres;[65,69];2020;983
068-072  XIEnfermedades del sistema digestivo;Hombres;[70,74];2020;1212
068-072  XIEnfermedades del sistema digestivo;Hombres;[75,79];2020;1316
068-072  XIEnfermedades del sistema digestivo;Hombres;[80,84];2020;1540
068-072  XIEnfermedades del sistema digestivo;Hombres;[85,89];2020;1842
068-072  XIEnfermedades del sistema digestivo;Hombres;[90,94];2020;1152
068-072  XIEnfermedades del sistema digestivo;Hombres;[95,..];2020;390
068-072  XIEnfermedades del sistema digestivo;Mujeres;[00,01];2020;5
068-072  XIEnfermedades del sistema digestivo;Mujeres;[01,04];2020;2
068-072  XIEnfermedades del sistema digestivo;Mujeres;[05,09];2020;1
068-072  XIEnfermedades del sistema digestivo;Mujeres;[10,14];2020;2
068-072  XIEnfermedades del sistema digestivo;Mujeres;[15,19];2020;4
068-072  XIEnfermedades del sistema digestivo;Mujeres;[20,24];2020;4
068-072  XIEnfermedades del sistema digestivo;Mujeres;[25,29];2020;9
068-072  XIEnfermedades del sistema digestivo;Mujeres;[30,34];2020;12
068-072  XIEnfermedades del sistema digestivo;Mujeres;[35,39];2020;18
068-072  XIEnfermedades del sistema digestivo;Mujeres;[40,44];2020;64
068-072  XIEnfermedades del sistema digestivo;Mujeres;[45,49];2020;89
068-072  XIEnfermedades del sistema digestivo;Mujeres;[50,54];2020;175
068-072  XIEnfermedades del sistema digestivo;Mujeres;[55,59];2020;266
068-072  XIEnfermedades del sistema digestivo;Mujeres;[60,64];2020;331
068-072  XIEnfermedades del sistema digestivo;Mujeres;[65,69];2020;391
068-072  XIEnfermedades del sistema digestivo;Mujeres;[70,74];2020;588
068-072  XIEnfermedades del sistema digestivo;Mujeres;[75,79];2020;961
068-072  XIEnfermedades del sistema digestivo;Mujeres;[80,84];2020;1565
068-072  XIEnfermedades del sistema digestivo;Mujeres;[85,89];2020;2593
068-072  XIEnfermedades del sistema digestivo;Mujeres;[90,94];2020;2270
068-072  XIEnfermedades del sistema digestivo;Mujeres;[95,..];2020;1077
073  XIIEnfermedades de la piel y del tejido subcut�neo;Hombres;[00,01];2020;0
073  XIIEnfermedades de la piel y del tejido subcut�neo;Hombres;[01,04];2020;0
073  XIIEnfermedades de la piel y del tejido subcut�neo;Hombres;[05,09];2020;0
073  XIIEnfermedades de la piel y del tejido subcut�neo;Hombres;[10,14];2020;0
073  XIIEnfermedades de la piel y del tejido subcut�neo;Hombres;[15,19];2020;0
073  XIIEnfermedades de la piel y del tejido subcut�neo;Hombres;[20,24];2020;0
073  XIIEnfermedades de la piel y del tejido subcut�neo;Hombres;[25,29];2020;0
073  XIIEnfermedades de la piel y del tejido subcut�neo;Hombres;[30,34];2020;0
073  XIIEnfermedades de la piel y del tejido subcut�neo;Hombres;[35,39];2020;3
073  XIIEnfermedades de la piel y del tejido subcut�neo;Hombres;[40,44];2020;1
073  XIIEnfermedades de la piel y del tejido subcut�neo;Hombres;[45,49];2020;3
073  XIIEnfermedades de la piel y del tejido subcut�neo;Hombres;[50,54];2020;12
073  XIIEnfermedades de la piel y del tejido subcut�neo;Hombres;[55,59];2020;14
073  XIIEnfermedades de la piel y del tejido subcut�neo;Hombres;[60,64];2020;11
073  XIIEnfermedades de la piel y del tejido subcut�neo;Hombres;[65,69];2020;22
073  XIIEnfermedades de la piel y del tejido subcut�neo;Hombres;[70,74];2020;61
073  XIIEnfermedades de la piel y del tejido subcut�neo;Hombres;[75,79];2020;73
073  XIIEnfermedades de la piel y del tejido subcut�neo;Hombres;[80,84];2020;114
073  XIIEnfermedades de la piel y del tejido subcut�neo;Hombres;[85,89];2020;153
073  XIIEnfermedades de la piel y del tejido subcut�neo;Hombres;[90,94];2020;128
073  XIIEnfermedades de la piel y del tejido subcut�neo;Hombres;[95,..];2020;52
073  XIIEnfermedades de la piel y del tejido subcut�neo;Mujeres;[00,01];2020;0
073  XIIEnfermedades de la piel y del tejido subcut�neo;Mujeres;[01,04];2020;0
073  XIIEnfermedades de la piel y del tejido subcut�neo;Mujeres;[05,09];2020;0
073  XIIEnfermedades de la piel y del tejido subcut�neo;Mujeres;[10,14];2020;0
073  XIIEnfermedades de la piel y del tejido subcut�neo;Mujeres;[15,19];2020;0
073  XIIEnfermedades de la piel y del tejido subcut�neo;Mujeres;[20,24];2020;0
073  XIIEnfermedades de la piel y del tejido subcut�neo;Mujeres;[25,29];2020;0
073  XIIEnfermedades de la piel y del tejido subcut�neo;Mujeres;[30,34];2020;0
073  XIIEnfermedades de la piel y del tejido subcut�neo;Mujeres;[35,39];2020;0
073  XIIEnfermedades de la piel y del tejido subcut�neo;Mujeres;[40,44];2020;2
073  XIIEnfermedades de la piel y del tejido subcut�neo;Mujeres;[45,49];2020;2
073  XIIEnfermedades de la piel y del tejido subcut�neo;Mujeres;[50,54];2020;3
073  XIIEnfermedades de la piel y del tejido subcut�neo;Mujeres;[55,59];2020;4
073  XIIEnfermedades de la piel y del tejido subcut�neo;Mujeres;[60,64];2020;9
073  XIIEnfermedades de la piel y del tejido subcut�neo;Mujeres;[65,69];2020;19
073  XIIEnfermedades de la piel y del tejido subcut�neo;Mujeres;[70,74];2020;36
073  XIIEnfermedades de la piel y del tejido subcut�neo;Mujeres;[75,79];2020;101
073  XIIEnfermedades de la piel y del tejido subcut�neo;Mujeres;[80,84];2020;185
073  XIIEnfermedades de la piel y del tejido subcut�neo;Mujeres;[85,89];2020;319
073  XIIEnfermedades de la piel y del tejido subcut�neo;Mujeres;[90,94];2020;362
073  XIIEnfermedades de la piel y del tejido subcut�neo;Mujeres;[95,..];2020;213
074-076  XIIIEnfermedades del sistema osteomuscular y del tejido conjuntivo;Hombres;[00,01];2020;0
074-076  XIIIEnfermedades del sistema osteomuscular y del tejido conjuntivo;Hombres;[01,04];2020;0
074-076  XIIIEnfermedades del sistema osteomuscular y del tejido conjuntivo;Hombres;[05,09];2020;0
074-076  XIIIEnfermedades del sistema osteomuscular y del tejido conjuntivo;Hombres;[10,14];2020;1
074-076  XIIIEnfermedades del sistema osteomuscular y del tejido conjuntivo;Hombres;[15,19];2020;1
074-076  XIIIEnfermedades del sistema osteomuscular y del tejido conjuntivo;Hombres;[20,24];2020;1
074-076  XIIIEnfermedades del sistema osteomuscular y del tejido conjuntivo;Hombres;[25,29];2020;1
074-076  XIIIEnfermedades del sistema osteomuscular y del tejido conjuntivo;Hombres;[30,34];2020;0
074-076  XIIIEnfermedades del sistema osteomuscular y del tejido conjuntivo;Hombres;[35,39];2020;3
074-076  XIIIEnfermedades del sistema osteomuscular y del tejido conjuntivo;Hombres;[40,44];2020;3
074-076  XIIIEnfermedades del sistema osteomuscular y del tejido conjuntivo;Hombres;[45,49];2020;5
074-076  XIIIEnfermedades del sistema osteomuscular y del tejido conjuntivo;Hombres;[50,54];2020;16
074-076  XIIIEnfermedades del sistema osteomuscular y del tejido conjuntivo;Hombres;[55,59];2020;32
074-076  XIIIEnfermedades del sistema osteomuscular y del tejido conjuntivo;Hombres;[60,64];2020;34
074-076  XIIIEnfermedades del sistema osteomuscular y del tejido conjuntivo;Hombres;[65,69];2020;69
074-076  XIIIEnfermedades del sistema osteomuscular y del tejido conjuntivo;Hombres;[70,74];2020;83
074-076  XIIIEnfermedades del sistema osteomuscular y del tejido conjuntivo;Hombres;[75,79];2020;149
074-076  XIIIEnfermedades del sistema osteomuscular y del tejido conjuntivo;Hombres;[80,84];2020;277
074-076  XIIIEnfermedades del sistema osteomuscular y del tejido conjuntivo;Hombres;[85,89];2020;459
074-076  XIIIEnfermedades del sistema osteomuscular y del tejido conjuntivo;Hombres;[90,94];2020;419
074-076  XIIIEnfermedades del sistema osteomuscular y del tejido conjuntivo;Hombres;[95,..];2020;176
074-076  XIIIEnfermedades del sistema osteomuscular y del tejido conjuntivo;Mujeres;[00,01];2020;1
074-076  XIIIEnfermedades del sistema osteomuscular y del tejido conjuntivo;Mujeres;[01,04];2020;0
074-076  XIIIEnfermedades del sistema osteomuscular y del tejido conjuntivo;Mujeres;[05,09];2020;0
074-076  XIIIEnfermedades del sistema osteomuscular y del tejido conjuntivo;Mujeres;[10,14];2020;1
074-076  XIIIEnfermedades del sistema osteomuscular y del tejido conjuntivo;Mujeres;[15,19];2020;0
074-076  XIIIEnfermedades del sistema osteomuscular y del tejido conjuntivo;Mujeres;[20,24];2020;0
074-076  XIIIEnfermedades del sistema osteomuscular y del tejido conjuntivo;Mujeres;[25,29];2020;0
074-076  XIIIEnfermedades del sistema osteomuscular y del tejido conjuntivo;Mujeres;[30,34];2020;1
074-076  XIIIEnfermedades del sistema osteomuscular y del tejido conjuntivo;Mujeres;[35,39];2020;4
074-076  XIIIEnfermedades del sistema osteomuscular y del tejido conjuntivo;Mujeres;[40,44];2020;8
074-076  XIIIEnfermedades del sistema osteomuscular y del tejido conjuntivo;Mujeres;[45,49];2020;8
074-076  XIIIEnfermedades del sistema osteomuscular y del tejido conjuntivo;Mujeres;[50,54];2020;24
074-076  XIIIEnfermedades del sistema osteomuscular y del tejido conjuntivo;Mujeres;[55,59];2020;35
074-076  XIIIEnfermedades del sistema osteomuscular y del tejido conjuntivo;Mujeres;[60,64];2020;36
074-076  XIIIEnfermedades del sistema osteomuscular y del tejido conjuntivo;Mujeres;[65,69];2020;68
074-076  XIIIEnfermedades del sistema osteomuscular y del tejido conjuntivo;Mujeres;[70,74];2020;96
074-076  XIIIEnfermedades del sistema osteomuscular y del tejido conjuntivo;Mujeres;[75,79];2020;221
074-076  XIIIEnfermedades del sistema osteomuscular y del tejido conjuntivo;Mujeres;[80,84];2020;472
074-076  XIIIEnfermedades del sistema osteomuscular y del tejido conjuntivo;Mujeres;[85,89];2020;870
074-076  XIIIEnfermedades del sistema osteomuscular y del tejido conjuntivo;Mujeres;[90,94];2020;991
074-076  XIIIEnfermedades del sistema osteomuscular y del tejido conjuntivo;Mujeres;[95,..];2020;660
077-080  XIVEnfermedades del sistema genitourinario;Hombres;[00,01];2020;0
077-080  XIVEnfermedades del sistema genitourinario;Hombres;[01,04];2020;0
077-080  XIVEnfermedades del sistema genitourinario;Hombres;[05,09];2020;0
077-080  XIVEnfermedades del sistema genitourinario;Hombres;[10,14];2020;1
077-080  XIVEnfermedades del sistema genitourinario;Hombres;[15,19];2020;0
077-080  XIVEnfermedades del sistema genitourinario;Hombres;[20,24];2020;1
077-080  XIVEnfermedades del sistema genitourinario;Hombres;[25,29];2020;0
077-080  XIVEnfermedades del sistema genitourinario;Hombres;[30,34];2020;4
077-080  XIVEnfermedades del sistema genitourinario;Hombres;[35,39];2020;3
077-080  XIVEnfermedades del sistema genitourinario;Hombres;[40,44];2020;13
077-080  XIVEnfermedades del sistema genitourinario;Hombres;[45,49];2020;18
077-080  XIVEnfermedades del sistema genitourinario;Hombres;[50,54];2020;40
077-080  XIVEnfermedades del sistema genitourinario;Hombres;[55,59];2020;65
077-080  XIVEnfermedades del sistema genitourinario;Hombres;[60,64];2020;132
077-080  XIVEnfermedades del sistema genitourinario;Hombres;[65,69];2020;214
077-080  XIVEnfermedades del sistema genitourinario;Hombres;[70,74];2020;426
077-080  XIVEnfermedades del sistema genitourinario;Hombres;[75,79];2020;677
077-080  XIVEnfermedades del sistema genitourinario;Hombres;[80,84];2020;1248
077-080  XIVEnfermedades del sistema genitourinario;Hombres;[85,89];2020;1841
077-080  XIVEnfermedades del sistema genitourinario;Hombres;[90,94];2020;1476
077-080  XIVEnfermedades del sistema genitourinario;Hombres;[95,..];2020;604
077-080  XIVEnfermedades del sistema genitourinario;Mujeres;[00,01];2020;0
077-080  XIVEnfermedades del sistema genitourinario;Mujeres;[01,04];2020;0
077-080  XIVEnfermedades del sistema genitourinario;Mujeres;[05,09];2020;1
077-080  XIVEnfermedades del sistema genitourinario;Mujeres;[10,14];2020;0
077-080  XIVEnfermedades del sistema genitourinario;Mujeres;[15,19];2020;0
077-080  XIVEnfermedades del sistema genitourinario;Mujeres;[20,24];2020;0
077-080  XIVEnfermedades del sistema genitourinario;Mujeres;[25,29];2020;1
077-080  XIVEnfermedades del sistema genitourinario;Mujeres;[30,34];2020;3
077-080  XIVEnfermedades del sistema genitourinario;Mujeres;[35,39];2020;4
077-080  XIVEnfermedades del sistema genitourinario;Mujeres;[40,44];2020;6
077-080  XIVEnfermedades del sistema genitourinario;Mujeres;[45,49];2020;25
077-080  XIVEnfermedades del sistema genitourinario;Mujeres;[50,54];2020;33
077-080  XIVEnfermedades del sistema genitourinario;Mujeres;[55,59];2020;46
077-080  XIVEnfermedades del sistema genitourinario;Mujeres;[60,64];2020;66
077-080  XIVEnfermedades del sistema genitourinario;Mujeres;[65,69];2020;122
077-080  XIVEnfermedades del sistema genitourinario;Mujeres;[70,74];2020;287
077-080  XIVEnfermedades del sistema genitourinario;Mujeres;[75,79];2020;589
077-080  XIVEnfermedades del sistema genitourinario;Mujeres;[80,84];2020;1295
077-080  XIVEnfermedades del sistema genitourinario;Mujeres;[85,89];2020;2494
077-080  XIVEnfermedades del sistema genitourinario;Mujeres;[90,94];2020;2573
077-080  XIVEnfermedades del sistema genitourinario;Mujeres;[95,..];2020;1502
081  XVEmbarazo parto y puerperio;Hombres;[00,01];2020;0
081  XVEmbarazo parto y puerperio;Hombres;[01,04];2020;0
081  XVEmbarazo parto y puerperio;Hombres;[05,09];2020;0
081  XVEmbarazo parto y puerperio;Hombres;[10,14];2020;0
081  XVEmbarazo parto y puerperio;Hombres;[15,19];2020;0
081  XVEmbarazo parto y puerperio;Hombres;[20,24];2020;0
081  XVEmbarazo parto y puerperio;Hombres;[25,29];2020;0
081  XVEmbarazo parto y puerperio;Hombres;[30,34];2020;0
081  XVEmbarazo parto y puerperio;Hombres;[35,39];2020;0
081  XVEmbarazo parto y puerperio;Hombres;[40,44];2020;0
081  XVEmbarazo parto y puerperio;Hombres;[45,49];2020;0
081  XVEmbarazo parto y puerperio;Hombres;[50,54];2020;0
081  XVEmbarazo parto y puerperio;Hombres;[55,59];2020;0
081  XVEmbarazo parto y puerperio;Hombres;[60,64];2020;0
081  XVEmbarazo parto y puerperio;Hombres;[65,69];2020;0
081  XVEmbarazo parto y puerperio;Hombres;[70,74];2020;0
081  XVEmbarazo parto y puerperio;Hombres;[75,79];2020;0
081  XVEmbarazo parto y puerperio;Hombres;[80,84];2020;0
081  XVEmbarazo parto y puerperio;Hombres;[85,89];2020;0
081  XVEmbarazo parto y puerperio;Hombres;[90,94];2020;0
081  XVEmbarazo parto y puerperio;Hombres;[95,..];2020;0
081  XVEmbarazo parto y puerperio;Mujeres;[00,01];2020;0
081  XVEmbarazo parto y puerperio;Mujeres;[01,04];2020;0
081  XVEmbarazo parto y puerperio;Mujeres;[05,09];2020;0
081  XVEmbarazo parto y puerperio;Mujeres;[10,14];2020;0
081  XVEmbarazo parto y puerperio;Mujeres;[15,19];2020;0
081  XVEmbarazo parto y puerperio;Mujeres;[20,24];2020;1
081  XVEmbarazo parto y puerperio;Mujeres;[25,29];2020;1
081  XVEmbarazo parto y puerperio;Mujeres;[30,34];2020;2
081  XVEmbarazo parto y puerperio;Mujeres;[35,39];2020;4
081  XVEmbarazo parto y puerperio;Mujeres;[40,44];2020;2
081  XVEmbarazo parto y puerperio;Mujeres;[45,49];2020;0
081  XVEmbarazo parto y puerperio;Mujeres;[50,54];2020;0
081  XVEmbarazo parto y puerperio;Mujeres;[55,59];2020;0
081  XVEmbarazo parto y puerperio;Mujeres;[60,64];2020;0
081  XVEmbarazo parto y puerperio;Mujeres;[65,69];2020;0
081  XVEmbarazo parto y puerperio;Mujeres;[70,74];2020;0
081  XVEmbarazo parto y puerperio;Mujeres;[75,79];2020;0
081  XVEmbarazo parto y puerperio;Mujeres;[80,84];2020;0
081  XVEmbarazo parto y puerperio;Mujeres;[85,89];2020;0
081  XVEmbarazo parto y puerperio;Mujeres;[90,94];2020;0
081  XVEmbarazo parto y puerperio;Mujeres;[95,..];2020;0
082  XVIAfecciones originadas en el periodo perinatal;Hombres;[00,01];2020;272
082  XVIAfecciones originadas en el periodo perinatal;Hombres;[01,04];2020;2
082  XVIAfecciones originadas en el periodo perinatal;Hombres;[05,09];2020;0
082  XVIAfecciones originadas en el periodo perinatal;Hombres;[10,14];2020;1
082  XVIAfecciones originadas en el periodo perinatal;Hombres;[15,19];2020;3
082  XVIAfecciones originadas en el periodo perinatal;Hombres;[20,24];2020;0
082  XVIAfecciones originadas en el periodo perinatal;Hombres;[25,29];2020;2
082  XVIAfecciones originadas en el periodo perinatal;Hombres;[30,34];2020;1
082  XVIAfecciones originadas en el periodo perinatal;Hombres;[35,39];2020;2
082  XVIAfecciones originadas en el periodo perinatal;Hombres;[40,44];2020;0
082  XVIAfecciones originadas en el periodo perinatal;Hombres;[45,49];2020;0
082  XVIAfecciones originadas en el periodo perinatal;Hombres;[50,54];2020;0
082  XVIAfecciones originadas en el periodo perinatal;Hombres;[55,59];2020;0
082  XVIAfecciones originadas en el periodo perinatal;Hombres;[60,64];2020;1
082  XVIAfecciones originadas en el periodo perinatal;Hombres;[65,69];2020;1
082  XVIAfecciones originadas en el periodo perinatal;Hombres;[70,74];2020;0
082  XVIAfecciones originadas en el periodo perinatal;Hombres;[75,79];2020;1
082  XVIAfecciones originadas en el periodo perinatal;Hombres;[80,84];2020;0
082  XVIAfecciones originadas en el periodo perinatal;Hombres;[85,89];2020;0
082  XVIAfecciones originadas en el periodo perinatal;Hombres;[90,94];2020;0
082  XVIAfecciones originadas en el periodo perinatal;Hombres;[95,..];2020;0
082  XVIAfecciones originadas en el periodo perinatal;Mujeres;[00,01];2020;218
082  XVIAfecciones originadas en el periodo perinatal;Mujeres;[01,04];2020;1
082  XVIAfecciones originadas en el periodo perinatal;Mujeres;[05,09];2020;1
082  XVIAfecciones originadas en el periodo perinatal;Mujeres;[10,14];2020;0
082  XVIAfecciones originadas en el periodo perinatal;Mujeres;[15,19];2020;1
082  XVIAfecciones originadas en el periodo perinatal;Mujeres;[20,24];2020;2
082  XVIAfecciones originadas en el periodo perinatal;Mujeres;[25,29];2020;0
082  XVIAfecciones originadas en el periodo perinatal;Mujeres;[30,34];2020;2
082  XVIAfecciones originadas en el periodo perinatal;Mujeres;[35,39];2020;2
082  XVIAfecciones originadas en el periodo perinatal;Mujeres;[40,44];2020;1
082  XVIAfecciones originadas en el periodo perinatal;Mujeres;[45,49];2020;2
082  XVIAfecciones originadas en el periodo perinatal;Mujeres;[50,54];2020;0
082  XVIAfecciones originadas en el periodo perinatal;Mujeres;[55,59];2020;0
082  XVIAfecciones originadas en el periodo perinatal;Mujeres;[60,64];2020;0
082  XVIAfecciones originadas en el periodo perinatal;Mujeres;[65,69];2020;1
082  XVIAfecciones originadas en el periodo perinatal;Mujeres;[70,74];2020;0
082  XVIAfecciones originadas en el periodo perinatal;Mujeres;[75,79];2020;0
082  XVIAfecciones originadas en el periodo perinatal;Mujeres;[80,84];2020;0
082  XVIAfecciones originadas en el periodo perinatal;Mujeres;[85,89];2020;0
082  XVIAfecciones originadas en el periodo perinatal;Mujeres;[90,94];2020;0
082  XVIAfecciones originadas en el periodo perinatal;Mujeres;[95,..];2020;1
083-085  XVIIMalformaciones cong�nitas deformidades y anomal�as cromos�micas;Hombres;[00,01];2020;127
083-085  XVIIMalformaciones cong�nitas deformidades y anomal�as cromos�micas;Hombres;[01,04];2020;12
083-085  XVIIMalformaciones cong�nitas deformidades y anomal�as cromos�micas;Hombres;[05,09];2020;8
083-085  XVIIMalformaciones cong�nitas deformidades y anomal�as cromos�micas;Hombres;[10,14];2020;4
083-085  XVIIMalformaciones cong�nitas deformidades y anomal�as cromos�micas;Hombres;[15,19];2020;5
083-085  XVIIMalformaciones cong�nitas deformidades y anomal�as cromos�micas;Hombres;[20,24];2020;10
083-085  XVIIMalformaciones cong�nitas deformidades y anomal�as cromos�micas;Hombres;[25,29];2020;8
083-085  XVIIMalformaciones cong�nitas deformidades y anomal�as cromos�micas;Hombres;[30,34];2020;7
083-085  XVIIMalformaciones cong�nitas deformidades y anomal�as cromos�micas;Hombres;[35,39];2020;7
083-085  XVIIMalformaciones cong�nitas deformidades y anomal�as cromos�micas;Hombres;[40,44];2020;11
083-085  XVIIMalformaciones cong�nitas deformidades y anomal�as cromos�micas;Hombres;[45,49];2020;25
083-085  XVIIMalformaciones cong�nitas deformidades y anomal�as cromos�micas;Hombres;[50,54];2020;28
083-085  XVIIMalformaciones cong�nitas deformidades y anomal�as cromos�micas;Hombres;[55,59];2020;40
083-085  XVIIMalformaciones cong�nitas deformidades y anomal�as cromos�micas;Hombres;[60,64];2020;38
083-085  XVIIMalformaciones cong�nitas deformidades y anomal�as cromos�micas;Hombres;[65,69];2020;27
083-085  XVIIMalformaciones cong�nitas deformidades y anomal�as cromos�micas;Hombres;[70,74];2020;24
083-085  XVIIMalformaciones cong�nitas deformidades y anomal�as cromos�micas;Hombres;[75,79];2020;9
083-085  XVIIMalformaciones cong�nitas deformidades y anomal�as cromos�micas;Hombres;[80,84];2020;12
083-085  XVIIMalformaciones cong�nitas deformidades y anomal�as cromos�micas;Hombres;[85,89];2020;11
083-085  XVIIMalformaciones cong�nitas deformidades y anomal�as cromos�micas;Hombres;[90,94];2020;14
083-085  XVIIMalformaciones cong�nitas deformidades y anomal�as cromos�micas;Hombres;[95,..];2020;6
083-085  XVIIMalformaciones cong�nitas deformidades y anomal�as cromos�micas;Mujeres;[00,01];2020;83
083-085  XVIIMalformaciones cong�nitas deformidades y anomal�as cromos�micas;Mujeres;[01,04];2020;5
083-085  XVIIMalformaciones cong�nitas deformidades y anomal�as cromos�micas;Mujeres;[05,09];2020;2
083-085  XVIIMalformaciones cong�nitas deformidades y anomal�as cromos�micas;Mujeres;[10,14];2020;7
083-085  XVIIMalformaciones cong�nitas deformidades y anomal�as cromos�micas;Mujeres;[15,19];2020;8
083-085  XVIIMalformaciones cong�nitas deformidades y anomal�as cromos�micas;Mujeres;[20,24];2020;7
083-085  XVIIMalformaciones cong�nitas deformidades y anomal�as cromos�micas;Mujeres;[25,29];2020;5
083-085  XVIIMalformaciones cong�nitas deformidades y anomal�as cromos�micas;Mujeres;[30,34];2020;6
083-085  XVIIMalformaciones cong�nitas deformidades y anomal�as cromos�micas;Mujeres;[35,39];2020;13
083-085  XVIIMalformaciones cong�nitas deformidades y anomal�as cromos�micas;Mujeres;[40,44];2020;12
083-085  XVIIMalformaciones cong�nitas deformidades y anomal�as cromos�micas;Mujeres;[45,49];2020;19
083-085  XVIIMalformaciones cong�nitas deformidades y anomal�as cromos�micas;Mujeres;[50,54];2020;23
083-085  XVIIMalformaciones cong�nitas deformidades y anomal�as cromos�micas;Mujeres;[55,59];2020;37
083-085  XVIIMalformaciones cong�nitas deformidades y anomal�as cromos�micas;Mujeres;[60,64];2020;46
083-085  XVIIMalformaciones cong�nitas deformidades y anomal�as cromos�micas;Mujeres;[65,69];2020;17
083-085  XVIIMalformaciones cong�nitas deformidades y anomal�as cromos�micas;Mujeres;[70,74];2020;17
083-085  XVIIMalformaciones cong�nitas deformidades y anomal�as cromos�micas;Mujeres;[75,79];2020;15
083-085  XVIIMalformaciones cong�nitas deformidades y anomal�as cromos�micas;Mujeres;[80,84];2020;26
083-085  XVIIMalformaciones cong�nitas deformidades y anomal�as cromos�micas;Mujeres;[85,89];2020;20
083-085  XVIIMalformaciones cong�nitas deformidades y anomal�as cromos�micas;Mujeres;[90,94];2020;15
083-085  XVIIMalformaciones cong�nitas deformidades y anomal�as cromos�micas;Mujeres;[95,..];2020;7
086-089  XVIIIS�ntomas signos y hallazgos anormales cl�nicos y de laboratorio no clasificados en otra parte;Hombres;[00,01];2020;27
086-089  XVIIIS�ntomas signos y hallazgos anormales cl�nicos y de laboratorio no clasificados en otra parte;Hombres;[01,04];2020;4
086-089  XVIIIS�ntomas signos y hallazgos anormales cl�nicos y de laboratorio no clasificados en otra parte;Hombres;[05,09];2020;1
086-089  XVIIIS�ntomas signos y hallazgos anormales cl�nicos y de laboratorio no clasificados en otra parte;Hombres;[10,14];2020;0
086-089  XVIIIS�ntomas signos y hallazgos anormales cl�nicos y de laboratorio no clasificados en otra parte;Hombres;[15,19];2020;5
086-089  XVIIIS�ntomas signos y hallazgos anormales cl�nicos y de laboratorio no clasificados en otra parte;Hombres;[20,24];2020;19
086-089  XVIIIS�ntomas signos y hallazgos anormales cl�nicos y de laboratorio no clasificados en otra parte;Hombres;[25,29];2020;20
086-089  XVIIIS�ntomas signos y hallazgos anormales cl�nicos y de laboratorio no clasificados en otra parte;Hombres;[30,34];2020;27
086-089  XVIIIS�ntomas signos y hallazgos anormales cl�nicos y de laboratorio no clasificados en otra parte;Hombres;[35,39];2020;41
086-089  XVIIIS�ntomas signos y hallazgos anormales cl�nicos y de laboratorio no clasificados en otra parte;Hombres;[40,44];2020;90
086-089  XVIIIS�ntomas signos y hallazgos anormales cl�nicos y de laboratorio no clasificados en otra parte;Hombres;[45,49];2020;127
086-089  XVIIIS�ntomas signos y hallazgos anormales cl�nicos y de laboratorio no clasificados en otra parte;Hombres;[50,54];2020;200
086-089  XVIIIS�ntomas signos y hallazgos anormales cl�nicos y de laboratorio no clasificados en otra parte;Hombres;[55,59];2020;208
086-089  XVIIIS�ntomas signos y hallazgos anormales cl�nicos y de laboratorio no clasificados en otra parte;Hombres;[60,64];2020;235
086-089  XVIIIS�ntomas signos y hallazgos anormales cl�nicos y de laboratorio no clasificados en otra parte;Hombres;[65,69];2020;217
086-089  XVIIIS�ntomas signos y hallazgos anormales cl�nicos y de laboratorio no clasificados en otra parte;Hombres;[70,74];2020;291
086-089  XVIIIS�ntomas signos y hallazgos anormales cl�nicos y de laboratorio no clasificados en otra parte;Hombres;[75,79];2020;344
086-089  XVIIIS�ntomas signos y hallazgos anormales cl�nicos y de laboratorio no clasificados en otra parte;Hombres;[80,84];2020;479
086-089  XVIIIS�ntomas signos y hallazgos anormales cl�nicos y de laboratorio no clasificados en otra parte;Hombres;[85,89];2020;766
086-089  XVIIIS�ntomas signos y hallazgos anormales cl�nicos y de laboratorio no clasificados en otra parte;Hombres;[90,94];2020;725
086-089  XVIIIS�ntomas signos y hallazgos anormales cl�nicos y de laboratorio no clasificados en otra parte;Hombres;[95,..];2020;372
086-089  XVIIIS�ntomas signos y hallazgos anormales cl�nicos y de laboratorio no clasificados en otra parte;Mujeres;[00,01];2020;37
086-089  XVIIIS�ntomas signos y hallazgos anormales cl�nicos y de laboratorio no clasificados en otra parte;Mujeres;[01,04];2020;3
086-089  XVIIIS�ntomas signos y hallazgos anormales cl�nicos y de laboratorio no clasificados en otra parte;Mujeres;[05,09];2020;4
086-089  XVIIIS�ntomas signos y hallazgos anormales cl�nicos y de laboratorio no clasificados en otra parte;Mujeres;[10,14];2020;3
086-089  XVIIIS�ntomas signos y hallazgos anormales cl�nicos y de laboratorio no clasificados en otra parte;Mujeres;[15,19];2020;2
086-089  XVIIIS�ntomas signos y hallazgos anormales cl�nicos y de laboratorio no clasificados en otra parte;Mujeres;[20,24];2020;3
086-089  XVIIIS�ntomas signos y hallazgos anormales cl�nicos y de laboratorio no clasificados en otra parte;Mujeres;[25,29];2020;10
086-089  XVIIIS�ntomas signos y hallazgos anormales cl�nicos y de laboratorio no clasificados en otra parte;Mujeres;[30,34];2020;15
086-089  XVIIIS�ntomas signos y hallazgos anormales cl�nicos y de laboratorio no clasificados en otra parte;Mujeres;[35,39];2020;8
086-089  XVIIIS�ntomas signos y hallazgos anormales cl�nicos y de laboratorio no clasificados en otra parte;Mujeres;[40,44];2020;31
086-089  XVIIIS�ntomas signos y hallazgos anormales cl�nicos y de laboratorio no clasificados en otra parte;Mujeres;[45,49];2020;41
086-089  XVIIIS�ntomas signos y hallazgos anormales cl�nicos y de laboratorio no clasificados en otra parte;Mujeres;[50,54];2020;60
086-089  XVIIIS�ntomas signos y hallazgos anormales cl�nicos y de laboratorio no clasificados en otra parte;Mujeres;[55,59];2020;66
086-089  XVIIIS�ntomas signos y hallazgos anormales cl�nicos y de laboratorio no clasificados en otra parte;Mujeres;[60,64];2020;69
086-089  XVIIIS�ntomas signos y hallazgos anormales cl�nicos y de laboratorio no clasificados en otra parte;Mujeres;[65,69];2020;90
086-089  XVIIIS�ntomas signos y hallazgos anormales cl�nicos y de laboratorio no clasificados en otra parte;Mujeres;[70,74];2020;166
086-089  XVIIIS�ntomas signos y hallazgos anormales cl�nicos y de laboratorio no clasificados en otra parte;Mujeres;[75,79];2020;206
086-089  XVIIIS�ntomas signos y hallazgos anormales cl�nicos y de laboratorio no clasificados en otra parte;Mujeres;[80,84];2020;546
086-089  XVIIIS�ntomas signos y hallazgos anormales cl�nicos y de laboratorio no clasificados en otra parte;Mujeres;[85,89];2020;1066
086-089  XVIIIS�ntomas signos y hallazgos anormales cl�nicos y de laboratorio no clasificados en otra parte;Mujeres;[90,94];2020;1474
086-089  XVIIIS�ntomas signos y hallazgos anormales cl�nicos y de laboratorio no clasificados en otra parte;Mujeres;[95,..];2020;1377
090-102  XXCausas externas de mortalidad;Hombres;[00,01];2020;15
090-102  XXCausas externas de mortalidad;Hombres;[01,04];2020;35
090-102  XXCausas externas de mortalidad;Hombres;[05,09];2020;12
090-102  XXCausas externas de mortalidad;Hombres;[10,14];2020;24
090-102  XXCausas externas de mortalidad;Hombres;[15,19];2020;111
090-102  XXCausas externas de mortalidad;Hombres;[20,24];2020;255
090-102  XXCausas externas de mortalidad;Hombres;[25,29];2020;327
090-102  XXCausas externas de mortalidad;Hombres;[30,34];2020;439
090-102  XXCausas externas de mortalidad;Hombres;[35,39];2020;487
090-102  XXCausas externas de mortalidad;Hombres;[40,44];2020;688
090-102  XXCausas externas de mortalidad;Hombres;[45,49];2020;754
090-102  XXCausas externas de mortalidad;Hombres;[50,54];2020;821
090-102  XXCausas externas de mortalidad;Hombres;[55,59];2020;736
090-102  XXCausas externas de mortalidad;Hombres;[60,64];2020;647
090-102  XXCausas externas de mortalidad;Hombres;[65,69];2020;580
090-102  XXCausas externas de mortalidad;Hombres;[70,74];2020;683
090-102  XXCausas externas de mortalidad;Hombres;[75,79];2020;702
090-102  XXCausas externas de mortalidad;Hombres;[80,84];2020;909
090-102  XXCausas externas de mortalidad;Hombres;[85,89];2020;1066
090-102  XXCausas externas de mortalidad;Hombres;[90,94];2020;682
090-102  XXCausas externas de mortalidad;Hombres;[95,..];2020;284
090-102  XXCausas externas de mortalidad;Mujeres;[00,01];2020;12
090-102  XXCausas externas de mortalidad;Mujeres;[01,04];2020;10
090-102  XXCausas externas de mortalidad;Mujeres;[05,09];2020;7
090-102  XXCausas externas de mortalidad;Mujeres;[10,14];2020;19
090-102  XXCausas externas de mortalidad;Mujeres;[15,19];2020;42
090-102  XXCausas externas de mortalidad;Mujeres;[20,24];2020;52
090-102  XXCausas externas de mortalidad;Mujeres;[25,29];2020;91
090-102  XXCausas externas de mortalidad;Mujeres;[30,34];2020;74
090-102  XXCausas externas de mortalidad;Mujeres;[35,39];2020;133
090-102  XXCausas externas de mortalidad;Mujeres;[40,44];2020;181
090-102  XXCausas externas de mortalidad;Mujeres;[45,49];2020;183
090-102  XXCausas externas de mortalidad;Mujeres;[50,54];2020;239
090-102  XXCausas externas de mortalidad;Mujeres;[55,59];2020;244
090-102  XXCausas externas de mortalidad;Mujeres;[60,64];2020;215
090-102  XXCausas externas de mortalidad;Mujeres;[65,69];2020;213
090-102  XXCausas externas de mortalidad;Mujeres;[70,74];2020;303
090-102  XXCausas externas de mortalidad;Mujeres;[75,79];2020;392
090-102  XXCausas externas de mortalidad;Mujeres;[80,84];2020;680
090-102  XXCausas externas de mortalidad;Mujeres;[85,89];2020;1109
090-102  XXCausas externas de mortalidad;Mujeres;[90,94];2020;1049
090-102  XXCausas externas de mortalidad;Mujeres;[95,..];2020;573
